PersonId,Name
0,"Device 0"
1,"Device 1"
2,"Device 2"
3,"Device 3"
4,"Device 4"
5,"Device 5"
6,"Device 6"
7,"Device 7"
8,"Device 8"
9,"Device 9"
10,"Device 10"
11,"Device 11"
12,"Device 12"
13,"Device 13"
14,"Device 14"
15,"Device 15"
16,"Device 16"
17,"Device 17"
18,"Device 18"
19,"Device 19"
20,"Device 20"
21,"Device 21"
22,"Device 22"
23,"Device 23"
24,"Device 24"
25,"Device 25"
26,"Device 26"
27,"Device 27"
28,"Device 28"
29,"Device 29"
30,"Device 30"
31,"Device 31"
32,"Device 32"
33,"Device 33"
34,"Device 34"
35,"Device 35"
36,"Device 36"
37,"Device 37"
38,"Device 38"
39,"Device 39"
40,"Device 40"
41,"Device 41"
42,"Device 42"
43,"Device 43"
44,"Device 44"
45,"Device 45"
46,"Device 46"
47,"Device 47"
48,"Device 48"
49,"Device 49"
50,"Device 50"
51,"Device 51"
52,"Device 52"
53,"Device 53"
54,"Device 54"
55,"Device 55"
56,"Device 56"
57,"Device 57"
58,"Device 58"
59,"Device 59"
60,"Device 60"
61,"Device 61"
62,"Device 62"
63,"Device 63"
64,"Device 64"
65,"Device 65"
66,"Device 66"
67,"Device 67"
68,"Device 68"
69,"Device 69"
70,"Device 70"
71,"Device 71"
72,"Device 72"
73,"Device 73"
74,"Device 74"
75,"Device 75"
76,"Device 76"
77,"Device 77"
78,"Device 78"
79,"Device 79"
80,"Device 80"
81,"Device 81"
82,"Device 82"
83,"Device 83"
84,"Device 84"
85,"Device 85"
86,"Device 86"
87,"Device 87"
88,"Device 88"
89,"Device 89"
90,"Device 90"
91,"Device 91"
92,"Device 92"
93,"Device 93"
94,"Device 94"
95,"Device 95"
96,"Device 96"
97,"Device 97"
98,"Device 98"
99,"Device 99"
100,"Device 100"
101,"Device 101"
102,"Device 102"
103,"Device 103"
104,"Device 104"
105,"Device 105"
106,"Device 106"
107,"Device 107"
108,"Device 108"
109,"Device 109"
110,"Device 110"
111,"Device 111"
112,"Device 112"
113,"Device 113"
114,"Device 114"
115,"Device 115"
116,"Device 116"
117,"Device 117"
118,"Device 118"
119,"Device 119"
120,"Device 120"
121,"Device 121"
122,"Device 122"
123,"Device 123"
124,"Device 124"
125,"Device 125"
126,"Device 126"
127,"Device 127"
128,"Device 128"
129,"Device 129"
130,"Device 130"
131,"Device 131"
132,"Device 132"
133,"Device 133"
134,"Device 134"
135,"Device 135"
136,"Device 136"
137,"Device 137"
138,"Device 138"
139,"Device 139"
140,"Device 140"
141,"Device 141"
142,"Device 142"
143,"Device 143"
144,"Device 144"
145,"Device 145"
146,"Device 146"
147,"Device 147"
148,"Device 148"
149,"Device 149"
150,"Device 150"
151,"Device 151"
152,"Device 152"
153,"Device 153"
154,"Device 154"
155,"Device 155"
156,"Device 156"
157,"Device 157"
158,"Device 158"
159,"Device 159"
160,"Device 160"
161,"Device 161"
162,"Device 162"
163,"Device 163"
164,"Device 164"
165,"Device 165"
166,"Device 166"
167,"Device 167"
168,"Device 168"
169,"Device 169"
170,"Device 170"
171,"Device 171"
172,"Device 172"
173,"Device 173"
174,"Device 174"
175,"Device 175"
176,"Device 176"
177,"Device 177"
178,"Device 178"
179,"Device 179"
180,"Device 180"
181,"Device 181"
182,"Device 182"
183,"Device 183"
184,"Device 184"
185,"Device 185"
186,"Device 186"
187,"Device 187"
188,"Device 188"
189,"Device 189"
190,"Device 190"
191,"Device 191"
192,"Device 192"
193,"Device 193"
194,"Device 194"
195,"Device 195"
196,"Device 196"
197,"Device 197"
198,"Device 198"
199,"Device 199"
200,"Device 200"
201,"Device 201"
202,"Device 202"
203,"Device 203"
204,"Device 204"
205,"Device 205"
206,"Device 206"
207,"Device 207"
208,"Device 208"
209,"Device 209"
210,"Device 210"
211,"Device 211"
212,"Device 212"
213,"Device 213"
214,"Device 214"
215,"Device 215"
216,"Device 216"
217,"Device 217"
218,"Device 218"
219,"Device 219"
220,"Device 220"
221,"Device 221"
222,"Device 222"
223,"Device 223"
224,"Device 224"
225,"Device 225"
226,"Device 226"
227,"Device 227"
228,"Device 228"
229,"Device 229"
230,"Device 230"
231,"Device 231"
232,"Device 232"
233,"Device 233"
234,"Device 234"
235,"Device 235"
236,"Device 236"
237,"Device 237"
238,"Device 238"
239,"Device 239"
240,"Device 240"
241,"Device 241"
242,"Device 242"
243,"Device 243"
244,"Device 244"
245,"Device 245"
246,"Device 246"
247,"Device 247"
248,"Device 248"
249,"Device 249"
250,"Device 250"
251,"Device 251"
252,"Device 252"
253,"Device 253"
254,"Device 254"
255,"Device 255"
256,"Device 256"
257,"Device 257"
258,"Device 258"
259,"Device 259"
260,"Device 260"
261,"Device 261"
262,"Device 262"
263,"Device 263"
264,"Device 264"
265,"Device 265"
266,"Device 266"
267,"Device 267"
268,"Device 268"
269,"Device 269"
270,"Device 270"
271,"Device 271"
272,"Device 272"
273,"Device 273"
274,"Device 274"
275,"Device 275"
276,"Device 276"
277,"Device 277"
278,"Device 278"
279,"Device 279"
280,"Device 280"
281,"Device 281"
282,"Device 282"
283,"Device 283"
284,"Device 284"
285,"Device 285"
286,"Device 286"
287,"Device 287"
288,"Device 288"
289,"Device 289"
290,"Device 290"
291,"Device 291"
292,"Device 292"
293,"Device 293"
294,"Device 294"
295,"Device 295"
296,"Device 296"
297,"Device 297"
298,"Device 298"
299,"Device 299"
300,"Device 300"
301,"Device 301"
302,"Device 302"
303,"Device 303"
304,"Device 304"
305,"Device 305"
306,"Device 306"
307,"Device 307"
308,"Device 308"
309,"Device 309"
310,"Device 310"
311,"Device 311"
312,"Device 312"
313,"Device 313"
314,"Device 314"
315,"Device 315"
316,"Device 316"
317,"Device 317"
318,"Device 318"
319,"Device 319"
320,"Device 320"
321,"Device 321"
322,"Device 322"
323,"Device 323"
324,"Device 324"
325,"Device 325"
326,"Device 326"
327,"Device 327"
328,"Device 328"
329,"Device 329"
330,"Device 330"
331,"Device 331"
332,"Device 332"
333,"Device 333"
334,"Device 334"
335,"Device 335"
336,"Device 336"
337,"Device 337"
338,"Device 338"
339,"Device 339"
340,"Device 340"
341,"Device 341"
342,"Device 342"
343,"Device 343"
344,"Device 344"
345,"Device 345"
346,"Device 346"
347,"Device 347"
348,"Device 348"
349,"Device 349"
350,"Device 350"
351,"Device 351"
352,"Device 352"
353,"Device 353"
354,"Device 354"
355,"Device 355"
356,"Device 356"
357,"Device 357"
358,"Device 358"
359,"Device 359"
360,"Device 360"
361,"Device 361"
362,"Device 362"
363,"Device 363"
364,"Device 364"
365,"Device 365"
366,"Device 366"
367,"Device 367"
368,"Device 368"
369,"Device 369"
370,"Device 370"
371,"Device 371"
372,"Device 372"
373,"Device 373"
374,"Device 374"
375,"Device 375"
376,"Device 376"
377,"Device 377"
378,"Device 378"
379,"Device 379"
380,"Device 380"
381,"Device 381"
382,"Device 382"
383,"Device 383"
384,"Device 384"
385,"Device 385"
386,"Device 386"
387,"Device 387"
388,"Device 388"
389,"Device 389"
390,"Device 390"
391,"Device 391"
392,"Device 392"
393,"Device 393"
394,"Device 394"
395,"Device 395"
396,"Device 396"
397,"Device 397"
398,"Device 398"
399,"Device 399"
400,"Device 400"
401,"Device 401"
402,"Device 402"
403,"Device 403"
404,"Device 404"
405,"Device 405"
406,"Device 406"
407,"Device 407"
408,"Device 408"
409,"Device 409"
410,"Device 410"
411,"Device 411"
412,"Device 412"
413,"Device 413"
414,"Device 414"
415,"Device 415"
416,"Device 416"
417,"Device 417"
418,"Device 418"
419,"Device 419"
420,"Device 420"
421,"Device 421"
422,"Device 422"
423,"Device 423"
424,"Device 424"
425,"Device 425"
426,"Device 426"
427,"Device 427"
428,"Device 428"
429,"Device 429"
430,"Device 430"
431,"Device 431"
432,"Device 432"
433,"Device 433"
434,"Device 434"
435,"Device 435"
436,"Device 436"
437,"Device 437"
438,"Device 438"
439,"Device 439"
440,"Device 440"
441,"Device 441"
442,"Device 442"
443,"Device 443"
444,"Device 444"
445,"Device 445"
446,"Device 446"
447,"Device 447"
448,"Device 448"
449,"Device 449"
450,"Device 450"
451,"Device 451"
452,"Device 452"
453,"Device 453"
454,"Device 454"
455,"Device 455"
456,"Device 456"
457,"Device 457"
458,"Device 458"
459,"Device 459"
460,"Device 460"
461,"Device 461"
462,"Device 462"
463,"Device 463"
464,"Device 464"
465,"Device 465"
466,"Device 466"
467,"Device 467"
468,"Device 468"
469,"Device 469"
470,"Device 470"
471,"Device 471"
472,"Device 472"
473,"Device 473"
474,"Device 474"
475,"Device 475"
476,"Device 476"
477,"Device 477"
478,"Device 478"
479,"Device 479"
480,"Device 480"
481,"Device 481"
482,"Device 482"
483,"Device 483"
484,"Device 484"
485,"Device 485"
486,"Device 486"
487,"Device 487"
488,"Device 488"
489,"Device 489"
490,"Device 490"
491,"Device 491"
492,"Device 492"
493,"Device 493"
494,"Device 494"
495,"Device 495"
496,"Device 496"
497,"Device 497"
498,"Device 498"
499,"Device 499"
500,"Device 500"
501,"Device 501"
502,"Device 502"
503,"Device 503"
504,"Device 504"
505,"Device 505"
506,"Device 506"
507,"Device 507"
508,"Device 508"
509,"Device 509"
510,"Device 510"
511,"Device 511"
512,"Device 512"
513,"Device 513"
514,"Device 514"
515,"Device 515"
516,"Device 516"
517,"Device 517"
518,"Device 518"
519,"Device 519"
520,"Device 520"
521,"Device 521"
522,"Device 522"
523,"Device 523"
524,"Device 524"
525,"Device 525"
526,"Device 526"
527,"Device 527"
528,"Device 528"
529,"Device 529"
530,"Device 530"
531,"Device 531"
532,"Device 532"
533,"Device 533"
534,"Device 534"
535,"Device 535"
536,"Device 536"
537,"Device 537"
538,"Device 538"
539,"Device 539"
540,"Device 540"
541,"Device 541"
542,"Device 542"
543,"Device 543"
544,"Device 544"
545,"Device 545"
546,"Device 546"
547,"Device 547"
548,"Device 548"
549,"Device 549"
550,"Device 550"
551,"Device 551"
552,"Device 552"
553,"Device 553"
554,"Device 554"
555,"Device 555"
556,"Device 556"
557,"Device 557"
558,"Device 558"
559,"Device 559"
560,"Device 560"
561,"Device 561"
562,"Device 562"
563,"Device 563"
564,"Device 564"
565,"Device 565"
566,"Device 566"
567,"Device 567"
568,"Device 568"
569,"Device 569"
570,"Device 570"
571,"Device 571"
572,"Device 572"
573,"Device 573"
574,"Device 574"
575,"Device 575"
576,"Device 576"
577,"Device 577"
578,"Device 578"
579,"Device 579"
580,"Device 580"
581,"Device 581"
582,"Device 582"
583,"Device 583"
584,"Device 584"
585,"Device 585"
586,"Device 586"
587,"Device 587"
588,"Device 588"
589,"Device 589"
590,"Device 590"
591,"Device 591"
592,"Device 592"
593,"Device 593"
594,"Device 594"
595,"Device 595"
596,"Device 596"
597,"Device 597"
598,"Device 598"
599,"Device 599"
600,"Device 600"
601,"Device 601"
602,"Device 602"
603,"Device 603"
604,"Device 604"
605,"Device 605"
606,"Device 606"
607,"Device 607"
608,"Device 608"
609,"Device 609"
610,"Device 610"
611,"Device 611"
612,"Device 612"
613,"Device 613"
614,"Device 614"
615,"Device 615"
616,"Device 616"
617,"Device 617"
618,"Device 618"
619,"Device 619"
620,"Device 620"
621,"Device 621"
622,"Device 622"
623,"Device 623"
624,"Device 624"
625,"Device 625"
626,"Device 626"
627,"Device 627"
628,"Device 628"
629,"Device 629"
630,"Device 630"
631,"Device 631"
632,"Device 632"
633,"Device 633"
634,"Device 634"
635,"Device 635"
636,"Device 636"
637,"Device 637"
638,"Device 638"
639,"Device 639"
640,"Device 640"
641,"Device 641"
642,"Device 642"
643,"Device 643"
644,"Device 644"
645,"Device 645"
646,"Device 646"
647,"Device 647"
648,"Device 648"
649,"Device 649"
650,"Device 650"
651,"Device 651"
652,"Device 652"
653,"Device 653"
654,"Device 654"
655,"Device 655"
656,"Device 656"
657,"Device 657"
658,"Device 658"
659,"Device 659"
660,"Device 660"
661,"Device 661"
662,"Device 662"
663,"Device 663"
664,"Device 664"
665,"Device 665"
666,"Device 666"
667,"Device 667"
668,"Device 668"
669,"Device 669"
670,"Device 670"
671,"Device 671"
672,"Device 672"
673,"Device 673"
674,"Device 674"
675,"Device 675"
676,"Device 676"
677,"Device 677"
678,"Device 678"
679,"Device 679"
680,"Device 680"
681,"Device 681"
682,"Device 682"
683,"Device 683"
684,"Device 684"
685,"Device 685"
686,"Device 686"
687,"Device 687"
688,"Device 688"
689,"Device 689"
690,"Device 690"
691,"Device 691"
692,"Device 692"
693,"Device 693"
694,"Device 694"
695,"Device 695"
696,"Device 696"
697,"Device 697"
698,"Device 698"
699,"Device 699"
700,"Device 700"
701,"Device 701"
702,"Device 702"
703,"Device 703"
704,"Device 704"
705,"Device 705"
706,"Device 706"
707,"Device 707"
708,"Device 708"
709,"Device 709"
710,"Device 710"
711,"Device 711"
712,"Device 712"
713,"Device 713"
714,"Device 714"
715,"Device 715"
716,"Device 716"
717,"Device 717"
718,"Device 718"
719,"Device 719"
720,"Device 720"
721,"Device 721"
722,"Device 722"
723,"Device 723"
724,"Device 724"
725,"Device 725"
726,"Device 726"
727,"Device 727"
728,"Device 728"
729,"Device 729"
730,"Device 730"
731,"Device 731"
732,"Device 732"
733,"Device 733"
734,"Device 734"
735,"Device 735"
736,"Device 736"
737,"Device 737"
738,"Device 738"
739,"Device 739"
740,"Device 740"
741,"Device 741"
742,"Device 742"
743,"Device 743"
744,"Device 744"
745,"Device 745"
746,"Device 746"
747,"Device 747"
748,"Device 748"
749,"Device 749"
0,"Device 750"
1,"Device 751"
2,"Device 752"
3,"Device 753"
4,"Device 754"
5,"Device 755"
6,"Device 756"
7,"Device 757"
8,"Device 758"
9,"Device 759"
10,"Device 760"
11,"Device 761"
12,"Device 762"
13,"Device 763"
14,"Device 764"
15,"Device 765"
16,"Device 766"
17,"Device 767"
18,"Device 768"
19,"Device 769"
20,"Device 770"
21,"Device 771"
22,"Device 772"
23,"Device 773"
24,"Device 774"
25,"Device 775"
26,"Device 776"
27,"Device 777"
28,"Device 778"
29,"Device 779"
30,"Device 780"
31,"Device 781"
32,"Device 782"
33,"Device 783"
34,"Device 784"
35,"Device 785"
36,"Device 786"
37,"Device 787"
38,"Device 788"
39,"Device 789"
40,"Device 790"
41,"Device 791"
42,"Device 792"
43,"Device 793"
44,"Device 794"
45,"Device 795"
46,"Device 796"
47,"Device 797"
48,"Device 798"
49,"Device 799"
50,"Device 800"
51,"Device 801"
52,"Device 802"
53,"Device 803"
54,"Device 804"
55,"Device 805"
56,"Device 806"
57,"Device 807"
58,"Device 808"
59,"Device 809"
60,"Device 810"
61,"Device 811"
62,"Device 812"
63,"Device 813"
64,"Device 814"
65,"Device 815"
66,"Device 816"
67,"Device 817"
68,"Device 818"
69,"Device 819"
70,"Device 820"
71,"Device 821"
72,"Device 822"
73,"Device 823"
74,"Device 824"
75,"Device 825"
76,"Device 826"
77,"Device 827"
78,"Device 828"
79,"Device 829"
80,"Device 830"
81,"Device 831"
82,"Device 832"
83,"Device 833"
84,"Device 834"
85,"Device 835"
86,"Device 836"
87,"Device 837"
88,"Device 838"
89,"Device 839"
90,"Device 840"
91,"Device 841"
92,"Device 842"
93,"Device 843"
94,"Device 844"
95,"Device 845"
96,"Device 846"
97,"Device 847"
98,"Device 848"
99,"Device 849"
100,"Device 850"
101,"Device 851"
102,"Device 852"
103,"Device 853"
104,"Device 854"
105,"Device 855"
106,"Device 856"
107,"Device 857"
108,"Device 858"
109,"Device 859"
110,"Device 860"
111,"Device 861"
112,"Device 862"
113,"Device 863"
114,"Device 864"
115,"Device 865"
116,"Device 866"
117,"Device 867"
118,"Device 868"
119,"Device 869"
120,"Device 870"
121,"Device 871"
122,"Device 872"
123,"Device 873"
124,"Device 874"
125,"Device 875"
126,"Device 876"
127,"Device 877"
128,"Device 878"
129,"Device 879"
130,"Device 880"
131,"Device 881"
132,"Device 882"
133,"Device 883"
134,"Device 884"
135,"Device 885"
136,"Device 886"
137,"Device 887"
138,"Device 888"
139,"Device 889"
140,"Device 890"
141,"Device 891"
142,"Device 892"
143,"Device 893"
144,"Device 894"
145,"Device 895"
146,"Device 896"
147,"Device 897"
148,"Device 898"
149,"Device 899"
150,"Device 900"
151,"Device 901"
152,"Device 902"
153,"Device 903"
154,"Device 904"
155,"Device 905"
156,"Device 906"
157,"Device 907"
158,"Device 908"
159,"Device 909"
160,"Device 910"
161,"Device 911"
162,"Device 912"
163,"Device 913"
164,"Device 914"
165,"Device 915"
166,"Device 916"
167,"Device 917"
168,"Device 918"
169,"Device 919"
170,"Device 920"
171,"Device 921"
172,"Device 922"
173,"Device 923"
174,"Device 924"
175,"Device 925"
176,"Device 926"
177,"Device 927"
178,"Device 928"
179,"Device 929"
180,"Device 930"
181,"Device 931"
182,"Device 932"
183,"Device 933"
184,"Device 934"
185,"Device 935"
186,"Device 936"
187,"Device 937"
188,"Device 938"
189,"Device 939"
190,"Device 940"
191,"Device 941"
192,"Device 942"
193,"Device 943"
194,"Device 944"
195,"Device 945"
196,"Device 946"
197,"Device 947"
198,"Device 948"
199,"Device 949"
200,"Device 950"
201,"Device 951"
202,"Device 952"
203,"Device 953"
204,"Device 954"
205,"Device 955"
206,"Device 956"
207,"Device 957"
208,"Device 958"
209,"Device 959"
210,"Device 960"
211,"Device 961"
212,"Device 962"
213,"Device 963"
214,"Device 964"
215,"Device 965"
216,"Device 966"
217,"Device 967"
218,"Device 968"
219,"Device 969"
220,"Device 970"
221,"Device 971"
222,"Device 972"
223,"Device 973"
224,"Device 974"
225,"Device 975"
226,"Device 976"
227,"Device 977"
228,"Device 978"
229,"Device 979"
230,"Device 980"
231,"Device 981"
232,"Device 982"
233,"Device 983"
234,"Device 984"
235,"Device 985"
236,"Device 986"
237,"Device 987"
238,"Device 988"
239,"Device 989"
240,"Device 990"
241,"Device 991"
242,"Device 992"
243,"Device 993"
244,"Device 994"
245,"Device 995"
246,"Device 996"
247,"Device 997"
248,"Device 998"
249,"Device 999"
