ID,Name,Surname,DateOfBirth,HomeLocationId
0,John,Morris,1986-07-14,5
1,Jim,Johnson,1970-05-28,10
2,Joe,Huggins,1976-06-01,15
3,James,Mcevoy,1951-04-27,20
4,Franklin,Lloyd,1975-10-21,25
5,Tommy,Mata,1987-05-07,30
6,Matt,Strong,1969-09-14,35
7,Henry,Finley,2011-03-13,40
8,Michael,Penn,1986-06-03,45
9,Tony,Dole,2001-07-23,50
10,Zachery,Lorna,1954-12-27,55
11,Gary,Shook,2001-08-13,60
12,Harry,Cooper,1945-06-08,65
13,James,Broyles,1962-12-20,70
14,Micheal,Gentry,2012-12-28,75
15,Charles,Cuthbertson,2000-02-20,80
16,Jerry,Sage,1985-12-11,85
17,John,Love,1997-07-26,90
18,James,Mosier,1962-10-16,95
19,Jose,Dotson,1994-10-24,100
20,Brett,Acosta,1980-08-21,105
21,Joseph,Wrye,1958-02-22,110
22,Willard,Laplante,1991-11-12,115
23,Ramon,Cole,1979-03-23,120
24,Angel,Lott,2012-08-25,125
25,Jerry,Sauceda,2005-02-09,130
26,Gregory,Mosher,2017-07-23,135
27,Ramon,Vaughan,1984-10-08,140
28,Steven,Bridges,1998-11-30,145
29,Aaron,Pelchat,1995-07-31,150
30,Hipolito,Doyle,1998-07-03,155
31,Roy,Robbins,1966-07-11,160
32,Justin,Hirz,1946-10-17,165
33,William,Claypool,1955-05-30,170
34,Clifford,Rollins,2005-06-18,175
35,Gary,Smith,1962-01-24,180
36,John,Wall,1976-11-14,185
37,Robert,Gegenheimer,1979-07-22,190
38,James,Ashley,1993-12-08,195
39,William,Armendariz,2015-02-10,200
40,Michael,Albert,1951-11-18,205
41,Salvador,Cromer,1947-09-02,210
42,Lionel,Davison,1957-08-16,215
43,Dale,Bennett,1956-03-13,220
44,Christopher,Quinn,1942-10-27,225
45,Clyde,Gorman,1969-05-08,230
46,Donald,Wood,2012-01-17,235
47,Craig,Grubbs,1970-12-12,240
48,Dannie,Hammond,1955-03-25,245
49,Steven,Robinson,2014-09-24,250
50,Walter,Mcbride,1966-11-20,255
51,James,Williams,1994-03-24,260
52,James,Small,2012-03-25,265
53,Ronald,Oleary,1996-06-07,270
54,Jerome,James,1983-01-18,275
55,Scott,Haynes,2017-11-03,280
56,Jorge,Mcgowan,2003-11-04,285
57,Michael,Bowman,1978-08-28,290
58,Harold,Spear,1990-02-03,295
59,Sam,Cantu,1976-05-15,300
60,Michael,Cruz,1944-06-22,305
61,Kenneth,Caldwell,1978-04-04,310
62,Johnny,Terry,1999-02-10,315
63,Antonio,Sanchez,1956-09-07,320
64,Patrick,Crespin,1943-02-08,325
65,John,Macdonald,2002-04-05,330
66,Leslie,Pons,2018-06-01,335
67,Ben,Glover,1940-02-15,340
68,Brian,Judson,1962-05-12,345
69,Scott,Minter,1956-08-23,350
70,Robert,Young,1982-06-23,355
71,William,Lyday,1958-01-03,360
72,William,Condon,2001-11-14,365
73,Darryl,Jeffery,1974-03-31,370
74,Don,Hart,1979-04-13,375
75,Matthew,Washington,1994-03-30,380
76,Donald,Pratt,1998-11-08,385
77,Robin,Butler,1950-04-02,390
78,Timothy,Peoples,1983-06-03,395
79,Winston,Carrier,2016-05-22,400
80,David,Thull,1962-09-15,405
81,James,Holloway,2005-07-11,410
82,Charles,Smith,2001-08-05,415
83,Wayne,Soo,1983-06-15,420
84,Robert,Savage,1976-10-21,425
85,Shane,Lewis,1992-07-20,430
86,Richard,Clifton,2004-03-23,435
87,Peter,Keatts,1940-12-01,440
88,Allen,York,1996-11-10,445
89,Christopher,Spears,1997-04-27,450
90,Edmund,Maciver,1987-02-12,455
91,Nigel,Cooper,1988-05-07,460
92,Robert,Frye,1952-04-30,465
93,William,Gentry,1975-01-21,470
94,Jeffrey,Miller,1953-01-03,475
95,Robert,Lyle,1981-03-25,480
96,Edward,Treece,1991-07-16,485
97,Francis,Melendez,1970-12-01,490
98,Joseph,Crafton,1946-08-12,495
99,Denis,Buban,1988-10-12,0
100,Kevin,Mejia,1952-09-11,5
101,Thomas,Douglas,2002-04-29,10
102,George,Mcgriff,2011-04-27,15
103,Brian,Miller,2014-09-16,20
104,Christopher,Koon,1978-05-09,25
105,Grant,Buck,1953-10-02,30
106,David,Kidd,2009-05-30,35
107,Christopher,Fitzpatrick,2009-05-17,40
108,Robert,Black,1989-10-11,45
109,Paul,Clark,2006-02-24,50
110,Gregory,Davis,2002-06-15,55
111,Ramon,Burk,2016-11-05,60
112,Gary,Mattie,1967-02-12,65
113,James,Mateo,1950-11-02,70
114,Kenneth,Rogers,1943-02-13,75
115,Joel,Wright,1959-11-06,80
116,Charlie,Crosby,1986-11-16,85
117,Ted,Wright,2004-09-26,90
118,Peter,Davis,1948-09-04,95
119,Michael,Bernard,1980-09-08,100
120,Patrick,Elliam,1976-12-14,105
121,Geoffrey,Cuffe,1963-08-31,110
122,David,Goins,1948-09-28,115
123,Steven,Ripley,1954-07-29,120
124,Richard,Hunter,1980-09-26,125
125,Joseph,Moore,1985-12-30,130
126,Edward,Jackson,1950-07-17,135
127,Patrick,Durand,2013-07-02,140
128,Stewart,Conway,1954-06-23,145
129,Joseph,Bolebruch,1951-12-22,150
130,Patrick,Arimoto,1956-06-09,155
131,Phillip,Loyd,1972-12-11,160
132,Russell,Scott,2013-12-31,165
133,Frank,Pearson,1950-02-16,170
134,Kenneth,Claassen,1958-07-26,175
135,Paul,Lopez,1965-06-15,180
136,Robert,Merritt,1994-03-20,185
137,Leonard,Matley,2003-09-12,190
138,Jeffrey,Baldwin,2018-09-03,195
139,Raymond,Bernstein,1997-07-31,200
140,Jason,Smith,2003-03-03,205
141,Anthony,Gray,1968-10-05,210
142,John,Taylor,1981-11-02,215
143,Neal,Gilbert,1992-10-26,220
144,James,Hopkins,1954-01-27,225
145,Johnny,Smith,2013-05-16,230
146,Jack,Anderson,2009-08-04,235
147,Sal,Warren,2002-08-12,240
148,Todd,Nash,1972-05-30,245
149,Larry,Miske,1997-01-31,250
150,Robbie,Briones,1940-12-17,255
151,Terry,Rowe,1963-10-14,260
152,William,Soto,1949-08-23,265
153,Thomas,Bardon,1947-11-27,270
154,John,Johns,1958-10-06,275
155,Stewart,Demarco,1991-11-04,280
156,Scott,Mckinney,1969-09-02,285
157,Fred,Mares,1979-06-28,290
158,Solomon,Harding,1955-07-14,295
159,Gerald,Edson,1972-01-31,300
160,Frank,Sorrells,1980-08-10,305
161,John,Foster,1956-10-14,310
162,Harvey,Arocho,1957-06-25,315
163,Robert,Serrano,1977-02-14,320
164,Curtis,Everett,1976-11-23,325
165,Brian,Griffis,1956-09-08,330
166,Jim,Klein,1947-08-25,335
167,Clyde,Delagarza,1997-02-19,340
168,John,Richards,1964-04-13,345
169,Jack,Chancey,1996-07-03,350
170,Henry,Sharp,2019-12-23,355
171,Douglas,Smith,1942-04-02,360
172,Edward,Chary,1958-05-25,365
173,Mervin,Rathbun,2016-05-01,370
174,Ernest,Aber,1987-12-12,375
175,Robert,Summers,1994-08-23,380
176,Floyd,Alaniz,2018-04-14,385
177,John,Gautreaux,1942-11-08,390
178,Jose,Mclaughlin,1990-01-03,395
179,Ronnie,Vento,1965-03-25,400
180,Steve,Haveman,1982-09-08,405
181,Charles,Ford,1945-12-11,410
182,Michael,Ewing,2002-08-30,415
183,Walter,Parker,1978-04-21,420
184,Troy,Ross,1967-07-14,425
185,Boyd,Loy,1958-04-27,430
186,John,Montgomery,1990-02-28,435
187,John,Salgado,2010-11-08,440
188,Christopher,Carr,2014-09-25,445
189,Leon,Sabir,1968-12-14,450
190,Richard,Gorn,1968-01-28,455
191,Scott,Patterson,1964-03-29,460
192,John,Grady,1976-03-28,465
193,Gene,Berry,1944-07-05,470
194,Albert,Saults,2017-11-13,475
195,Robert,Mcclellan,1961-08-23,480
196,Von,Pontes,1990-10-14,485
197,Sam,Tong,2019-03-31,490
198,Vincent,Vang,1955-10-16,495
199,David,Gonzalez,2019-08-06,0
200,Michael,Brown,2010-03-27,5
201,Norman,Kelly,2003-03-15,10
202,Ronald,Catron,1957-09-06,15
203,William,Jones,1992-08-04,20
204,Deon,Lane,1955-08-12,25
205,Jerry,Heritage,1961-07-08,30
206,William,Dehaven,1983-08-07,35
207,Mark,Williams,2016-10-23,40
208,Charles,Chavez,1976-05-05,45
209,Charles,Holt,1949-05-15,50
210,Allen,Williams,1955-01-04,55
211,Joel,Leiby,1979-11-17,60
212,David,Gould,1960-01-21,65
213,Billy,Dickens,1993-08-03,70
214,Frederick,Mccarty,2017-02-03,75
215,Jason,Castlen,1989-11-14,80
216,William,Buckley,1950-01-13,85
217,Domingo,Bunn,1993-09-07,90
218,Martin,Sawyer,1966-04-27,95
219,Scott,Kelsey,1942-02-01,100
220,James,Yamamoto,1983-05-10,105
221,Anthony,Collins,1966-03-14,110
222,Pedro,Manley,1962-10-05,115
223,John,Powell,1996-04-13,120
224,Luis,Watlington,1958-06-10,125
225,Gilbert,Underhill,1940-04-12,130
226,William,Penny,1955-12-11,135
227,Michael,Admire,1967-08-08,140
228,Earl,Millwood,2009-01-05,145
229,Robert,Taylor,1950-08-18,150
230,David,Lefebvre,1950-01-02,155
231,Jose,Vanzant,1993-07-26,160
232,Donald,Skeete,1950-05-31,165
233,Edward,Cannon,1957-12-30,170
234,Travis,Beach,1949-10-06,175
235,Mervin,Smith,1966-01-02,180
236,Brandon,Graves,1996-06-29,185
237,Rudolph,Velazquez,1994-07-09,190
238,Richard,Younts,1987-01-28,195
239,Paul,Whitenack,1985-07-19,200
240,Michael,Billings,1978-03-09,205
241,Barry,Mendias,2015-04-14,210
242,Ernest,Ingram,1942-12-08,215
243,Charles,Strout,1944-01-19,220
244,Joseph,Olney,2006-06-17,225
245,Donald,Hess,1973-05-06,230
246,Christopher,Fernandes,1993-10-14,235
247,Andrew,Hagedorn,1975-05-29,240
248,Ellis,Hardy,2019-07-19,245
249,William,Fields,1976-08-30,250
250,Alfredo,Madril,1940-02-18,255
251,Daniel,Devine,1989-02-12,260
252,Michael,Miller,2014-02-15,265
253,Eric,King,1968-05-16,270
254,Erik,Ferris,1965-09-23,275
255,John,Villegas,1999-06-07,280
256,Lyle,York,2011-04-25,285
257,Joe,Lee,1972-10-28,290
258,Clarence,Garvey,2012-07-21,295
259,David,Flowers,1968-11-20,300
260,Timothy,Adams,1987-11-30,305
261,Michael,Wille,1995-09-30,310
262,James,Brooks,2013-02-17,315
263,Dennis,Lovett,1983-01-01,320
264,Raul,Conner,1982-04-24,325
265,Joseph,Gonzales,1974-02-08,330
266,Noe,Howard,1979-01-01,335
267,Dale,Gagnon,1946-11-23,340
268,Michael,Thornhill,1945-03-11,345
269,Jay,Torres,1947-06-03,350
270,Timothy,Edwards,1985-10-03,355
271,Charles,Cline,1958-01-16,360
272,Darryl,Adleman,1942-10-03,365
273,Roberto,Evangelista,1955-10-17,370
274,Juan,Lang,1990-08-05,375
275,Mario,Robbin,1985-07-20,380
276,Marvin,Keaton,2015-07-19,385
277,Alejandro,Ritchie,1991-05-05,390
278,Edwin,Rankin,1946-07-09,395
279,Allen,Rueluas,2003-06-12,400
280,Matthew,Lindholm,1978-09-12,405
281,William,White,1952-01-24,410
282,Darryl,Rubin,2001-02-20,415
283,Manuel,Kester,1971-12-29,420
284,Jerald,Gagliardi,1999-05-13,425
285,Joseph,Morlan,1983-12-07,430
286,Shaun,Wicks,2002-08-27,435
287,Felipe,Allen,2009-04-13,440
288,Ryan,Stackhouse,1951-08-17,445
289,Patrick,Eakes,2006-11-19,450
290,Jose,Lui,1965-11-28,455
291,George,Broyles,1994-09-01,460
292,Matthew,Treadway,1963-11-22,465
293,William,Tygart,1958-04-25,470
294,Thad,Davis,1980-05-22,475
295,Joel,Auckerman,2016-06-01,480
296,Charles,Nava,1973-10-25,485
297,Clarence,Campbell,1997-10-14,490
298,Leroy,Gaskin,1954-06-22,495
299,Mario,Morris,1995-12-30,0
300,Malcolm,Rose,1958-10-10,5
301,Lance,Bailey,1967-09-20,10
302,Joseph,Villegas,1968-05-15,15
303,Richard,Lank,2011-05-13,20
304,John,Ferris,1941-07-06,25
305,Rigoberto,Misner,1948-07-19,30
306,Andrew,Glover,1946-12-28,35
307,Robert,Mcdowell,2008-04-25,40
308,Edward,Smith,1962-10-05,45
309,Roger,Umland,1941-09-27,50
310,Brandon,Fincher,2003-03-19,55
311,John,Tomlin,1949-05-14,60
312,Willie,Schreiner,1975-08-06,65
313,Robert,Flores,2018-03-31,70
314,Jose,Wade,2016-06-02,75
315,Arthur,Hill,1998-10-03,80
316,Martin,Holland,1956-03-15,85
317,Thomas,Brooks,1948-11-20,90
318,Donald,Ortiz,1950-07-01,95
319,Thomas,Horne,1950-09-09,100
320,William,Smith,1960-04-22,105
321,Benjamin,Payton,1999-06-18,110
322,Ricky,Orona,1940-06-16,115
323,Raymond,Crawford,2011-12-09,120
324,Mack,Northcutt,1974-05-14,125
325,Victor,Redd,1993-06-18,130
326,Ralph,Rama,1995-04-18,135
327,Thomas,Leflore,1971-05-21,140
328,Michael,Gay,1972-04-01,145
329,Shane,Tylor,1990-08-01,150
330,Salvador,Moreau,1992-01-15,155
331,Louie,Wheaton,2016-10-07,160
332,Henry,Hamilton,1979-02-15,165
333,Richard,Anchors,1999-02-15,170
334,John,Wright,1941-05-01,175
335,Timothy,Williamson,1949-07-24,180
336,Tony,Painter,1993-06-04,185
337,Robert,Mccardle,1981-02-13,190
338,Cecil,Snowden,2001-10-21,195
339,Robert,Pollard,1955-03-23,200
340,Benjamin,Johnson,1946-03-09,205
341,Refugio,Scates,1943-11-02,210
342,John,Cone,1980-09-15,215
343,Carlos,Thomas,1944-02-25,220
344,Carl,Hillman,1986-04-07,225
345,Terence,Williams,1976-04-26,230
346,Michael,Abney,2010-11-20,235
347,John,Edmonds,1967-04-04,240
348,Everette,Modrak,1954-09-07,245
349,Alvin,Woodworth,1961-01-29,250
350,Donald,Hall,2004-04-19,255
351,Ricardo,Gabrielson,1967-04-23,260
352,Joseph,Schumpert,2018-01-06,265
353,Michael,Johnson,2016-04-27,270
354,Lucio,Stewart,1976-08-24,275
355,Shane,Whipple,1979-01-03,280
356,Jeffrey,Dyer,1948-03-20,285
357,Benjamin,Young,2003-03-15,290
358,Joseph,Guinn,1971-03-04,295
359,Martin,Morales,1978-03-29,300
360,Christopher,Jones,1982-10-08,305
361,Chad,Ward,1989-10-06,310
362,Jason,Jackson,1943-05-27,315
363,Jose,Weathersby,1975-01-29,320
364,Thomas,Rodriguez,1987-02-11,325
365,Ralph,Hill,1950-06-16,330
366,Raymond,Medina,1999-09-11,335
367,Bill,Lukes,1983-01-21,340
368,Curtis,Rios,1969-11-18,345
369,Scott,Barocio,2019-04-17,350
370,Thomas,Platt,1949-06-03,355
371,Delmar,Giuffrida,2018-05-24,360
372,James,Padel,2016-07-03,365
373,William,Vera,2005-10-30,370
374,Marvin,Hoffman,1951-11-30,375
375,Robert,Claeys,1965-12-10,380
376,Luis,Thomas,1955-02-27,385
377,Anthony,Cerda,1947-08-23,390
378,Melvin,Wilson,2017-06-22,395
379,Paul,Adams,1961-09-23,400
380,Gregory,Bonebrake,1996-03-02,405
381,Michael,Graham,1972-01-10,410
382,Steve,Burke,1993-01-07,415
383,John,Koerner,1941-11-22,420
384,Jim,Norman,1986-07-21,425
385,Donnie,Champagne,1997-06-06,430
386,Edward,Johnson,1982-11-29,435
387,Brandon,Good,1980-07-30,440
388,David,Thompson,2017-10-24,445
389,Gary,Hairston,2013-04-25,450
390,Jeffrey,Akkerman,1945-12-26,455
391,Alfredo,Mcpherson,1991-03-16,460
392,Shannon,Cordero,2005-12-24,465
393,Melvin,Kirschman,1989-03-23,470
394,Marvin,Watkin,1942-12-09,475
395,Wes,Rose,1967-09-27,480
396,Terry,Winstead,1985-07-05,485
397,Robert,Wilson,2003-08-10,490
398,Daniel,Moore,1979-10-07,495
399,Charles,Gutierrez,1963-12-23,0
400,Robert,Gilley,1987-01-22,5
401,Harold,Donald,1999-12-02,10
402,David,Landis,1941-02-14,15
403,Edwin,Hauff,2015-10-26,20
404,Ricardo,Portz,2013-07-21,25
405,Alvin,Todd,1992-11-30,30
406,Jeffrey,Short,1994-06-24,35
407,Jeff,Maccormack,1953-04-28,40
408,Brandon,Gerald,2008-12-15,45
409,Tommy,Green,1964-12-29,50
410,Lee,Ostrye,1960-06-11,55
411,Earl,Scott,1994-02-27,60
412,Nicholas,Smith,1995-12-07,65
413,Carlos,Deboer,2011-07-13,70
414,Terry,Turner,1947-12-23,75
415,Shawn,Evans,1955-07-25,80
416,John,Veale,1999-12-10,85
417,Ronald,Sherman,2000-08-15,90
418,Alan,Krieger,1948-02-24,95
419,Nicholas,Wainwright,2013-01-28,100
420,Ralph,Krampitz,1960-05-01,105
421,Roberto,Taylor,1996-02-11,110
422,William,Dixon,1941-08-06,115
423,Matthew,Munoz,2015-09-02,120
424,Bruce,Folwell,1955-01-04,125
425,Jeff,Brown,1971-06-28,130
426,John,Lee,2001-09-25,135
427,Frederick,Blanchard,1958-01-02,140
428,Julian,Duell,1982-07-06,145
429,Dave,Bartram,1990-05-04,150
430,Cedric,Gadson,1990-01-27,155
431,William,Childress,2011-03-21,160
432,Harold,Montoya,1961-09-19,165
433,Terence,Macchiaroli,1987-06-06,170
434,Miguel,Viens,1948-05-30,175
435,Richard,Simonelli,1973-02-02,180
436,John,Roberts,1982-05-23,185
437,Andrew,Torres,2013-11-25,190
438,Bruce,Roland,1965-11-28,195
439,David,Michaud,1940-06-15,200
440,Moses,Vitale,1991-12-17,205
441,Randall,James,1945-01-27,210
442,Charles,Pennington,2006-09-05,215
443,Donald,Smith,2010-08-01,220
444,James,Staten,2013-09-08,225
445,Brian,Terwilliger,2009-06-15,230
446,Herman,Mitchell,2017-12-01,235
447,Charles,Danner,1943-02-11,240
448,Seth,Bonar,1998-09-16,245
449,James,Bell,1997-09-11,250
450,Barry,Phillips,1994-12-07,255
451,John,Weaver,1942-04-07,260
452,David,Crawford,1989-10-25,265
453,David,Warren,1986-12-05,270
454,Daniel,Pickard,1968-08-26,275
455,William,Mead,1964-06-22,280
456,Garland,Gaston,1969-02-07,285
457,Walter,Conner,1962-06-19,290
458,Francisco,Moreno,1958-02-09,295
459,Fred,Gilmore,2019-06-29,300
460,Howard,Lown,1968-04-21,305
461,Juan,Bunch,1956-03-24,310
462,Jonathan,Dark,1956-04-25,315
463,William,Adair,2015-01-06,320
464,George,Davis,1979-03-21,325
465,Richard,Campos,1968-09-16,330
466,Jerrod,Clark,1968-03-13,335
467,Paul,Rider,1966-01-15,340
468,John,Lafromboise,1961-09-07,345
469,Rick,Jones,1956-05-24,350
470,James,Franklin,2017-03-03,355
471,Curtis,Parker,1957-11-07,360
472,John,Gray,2008-03-06,365
473,David,Edwards,2018-11-30,370
474,Micheal,Hendrix,1997-05-19,375
475,Jake,Fails,1973-05-27,380
476,Mark,Williams,2012-02-06,385
477,Dennis,Jeffers,1973-06-16,390
478,Steven,Fisher,2018-10-22,395
479,Steve,Cockrell,2012-12-23,400
480,Andrew,Rodriguez,1976-04-21,405
481,Ronald,Chambers,1984-03-29,410
482,David,Ross,1969-01-18,415
483,James,Johnston,2014-09-08,420
484,Robert,Theriot,2015-08-28,425
485,Richard,Walls,1995-09-02,430
486,Nicholas,Poissant,1945-04-14,435
487,Kenneth,Gallagher,2011-02-04,440
488,Joseph,Brown,2005-02-05,445
489,Albert,Courville,1967-11-09,450
490,Thomas,Vitale,1988-05-30,455
491,Leo,Haney,1978-11-14,460
492,Richard,Campbell,2019-04-20,465
493,Walter,Burnett,1946-05-09,470
494,Clifton,Watson,1998-04-05,475
495,Joseph,Sedillo,1969-03-30,480
496,Dorian,Mckee,1947-08-22,485
497,Thomas,Venecia,1996-02-21,490
498,Adam,Pease,1961-11-22,495
499,Gerald,Nunamaker,1968-09-15,0
500,George,Ricker,2019-01-24,5
501,Ron,Riddick,1983-08-02,10
502,Andre,Via,1967-07-02,15
503,Ricardo,Lorna,1963-09-03,20
504,Joseph,Davis,2010-05-12,25
505,James,Angel,1967-01-06,30
506,James,Collins,2016-12-28,35
507,Billy,Garland,1953-05-10,40
508,Michael,Outlaw,1996-09-08,45
509,Paul,Riederer,2016-10-14,50
510,David,Merry,2005-06-14,55
511,Donnie,Hutchison,1993-08-17,60
512,Thomas,Diaz,1948-07-12,65
513,Robert,Deane,1946-12-14,70
514,Leroy,Stanphill,1954-09-05,75
515,Randall,Allen,1991-05-25,80
516,Aaron,Bishop,2008-09-10,85
517,Jason,Roudebush,1988-05-21,90
518,Loren,Lewis,1972-09-03,95
519,Mason,Her,1985-05-01,100
520,Don,Green,1996-11-24,105
521,Kevin,Gilbert,1948-06-05,110
522,Solomon,Gandy,1950-12-16,115
523,Gary,Stratton,2000-09-09,120
524,Richard,Sinisi,1944-05-15,125
525,Nestor,Purcell,2001-06-18,130
526,Carl,Stokes,1994-07-18,135
527,Samuel,Warren,1940-12-30,140
528,David,Doward,1972-04-06,145
529,Kenneth,Swendsen,1986-08-08,150
530,Rodney,Walker,1999-11-14,155
531,Victor,Easley,1962-07-21,160
532,Norman,Spickard,1944-04-28,165
533,Robert,Tucker,2005-01-27,170
534,John,Smith,1977-04-04,175
535,Percy,Campbell,1983-06-06,180
536,John,Crayton,1996-03-14,185
537,Richard,Feldman,1951-05-26,190
538,Adam,Maurer,2015-01-23,195
539,Jason,Rodriquez,2011-03-03,200
540,Alfred,Farrar,2006-02-17,205
541,Marvin,Archibald,1999-04-02,210
542,Paul,Woods,1953-08-18,215
543,Robert,Parra,2018-04-03,220
544,Leroy,Martin,1996-07-02,225
545,Jimmie,Nunez,1944-12-18,230
546,Daniel,Rauch,1963-10-04,235
547,Joseph,Sinotte,1967-11-30,240
548,Garry,Titcomb,2010-09-24,245
549,Michael,Tribble,1997-05-24,250
550,Michael,Powers,1989-11-11,255
551,Randall,Strickland,1973-01-05,260
552,Charles,Schober,1975-09-15,265
553,Robert,Sanchez,1958-08-02,270
554,John,Kennedy,1945-08-14,275
555,Christopher,Tommolino,2009-11-18,280
556,Thomas,Gratton,2006-09-06,285
557,Richard,Patterson,2001-10-05,290
558,Frank,Spence,1964-11-24,295
559,James,Young,1977-03-04,300
560,Jose,Weir,1956-03-10,305
561,Juan,Roberts,1945-06-10,310
562,Thomas,Coulter,1964-11-04,315
563,Bobby,Mcneeley,1991-05-16,320
564,Raymond,Padilla,1979-01-24,325
565,Ernest,Provencher,1969-07-25,330
566,Joe,Croy,1992-11-29,335
567,Roger,Hart,1994-03-13,340
568,Joshua,Sheppard,1998-07-02,345
569,Domingo,Miller,1964-10-21,350
570,Xavier,Ryan,1991-10-18,355
571,Garry,Gollier,1951-04-04,360
572,Thomas,Gunther,1941-12-08,365
573,Eric,Gordon,2006-05-30,370
574,Charles,Pike,2008-10-04,375
575,Harry,Lewis,2014-09-29,380
576,Donald,Lumpkin,1969-05-28,385
577,James,Shuster,1948-04-30,390
578,Tyler,Perry,1994-12-06,395
579,Jeffrey,Latch,2014-01-12,400
580,Aaron,Trinka,1947-10-10,405
581,Bradley,Stanley,1956-02-12,410
582,Pasquale,Cooke,1960-07-08,415
583,Jack,Davis,1954-06-04,420
584,Joshua,Schultz,1994-05-16,425
585,Jose,Harris,1998-05-15,430
586,Robert,Rolland,1966-12-29,435
587,David,Ramirez,1976-03-17,440
588,Elmer,Bila,1976-09-20,445
589,Tony,Brown,1999-06-11,450
590,Ruben,Newman,1940-11-27,455
591,Robert,Kinde,2008-10-13,460
592,Edward,Engle,1941-12-26,465
593,George,Lendon,1984-01-13,470
594,Jeffrey,Greenan,1960-11-01,475
595,Cesar,Honeycutt,1980-03-02,480
596,Mario,Traylor,1981-04-16,485
597,Richard,Guy,1982-09-01,490
598,Joe,Mckenzie,1979-12-13,495
599,Daniel,Watts,1948-02-24,0
600,Carlos,Braam,2003-10-12,5
601,Joshua,Sanmartin,1979-10-22,10
602,Leon,Grimes,2008-09-30,15
603,Joseph,Whicker,1950-12-16,20
604,Matthew,Evans,1991-12-03,25
605,Robert,Sampson,2016-06-04,30
606,Robert,Foley,1959-08-30,35
607,Donald,Jodha,1949-11-20,40
608,Jeffery,Jenkins,2002-10-12,45
609,Bruce,Lafollette,1959-01-07,50
610,Carl,Weiss,2012-04-04,55
611,Antonio,Park,1954-12-27,60
612,Matthew,Palmer,1972-12-01,65
613,Richard,Jones,1992-05-24,70
614,Michael,Viola,2010-10-31,75
615,Matthew,Hindman,2019-02-03,80
616,James,Mason,1992-03-05,85
617,Mike,White,2012-12-06,90
618,Rafael,Jackson,1985-09-18,95
619,Ronald,Wallace,1968-05-06,100
620,James,Randall,1976-02-15,105
621,Joseph,Gleason,1972-09-14,110
622,Brett,Gonsales,1947-12-05,115
623,Darnell,Henrich,1950-11-16,120
624,Richard,Gregg,1956-04-16,125
625,Greg,Zenisek,2009-07-21,130
626,John,Wallace,1941-12-13,135
627,Charles,Holman,1999-10-17,140
628,Terry,Biss,2011-09-14,145
629,Ralph,Reyes,1985-08-02,150
630,James,Oconnell,1941-03-27,155
631,Donald,Pauley,1992-10-20,160
632,Phillip,Jackson,1972-12-17,165
633,Leo,Mendoza,2009-12-22,170
634,Jeffrey,Whitley,1997-03-12,175
635,Joe,Hail,2017-11-30,180
636,Troy,Brink,2007-10-14,185
637,Felix,Lampron,1987-10-24,190
638,Nathaniel,Salazar,1940-07-29,195
639,Joshua,Peterson,1989-09-08,200
640,Davis,Byrd,1948-01-24,205
641,Paul,Mills,2014-05-03,210
642,Robert,Alley,1951-10-20,215
643,Warren,Levine,1959-09-19,220
644,Michael,Mansell,1948-03-09,225
645,Joel,Gay,1978-07-26,230
646,Cole,Jones,1996-03-09,235
647,Ivory,Chastain,1990-08-16,240
648,Bradley,Mcintire,2018-02-10,245
649,Charlie,Gerveler,2010-09-24,250
650,Luther,Ostrov,1940-10-03,255
651,Donald,Kitchen,1997-05-02,260
652,Isaiah,Bradford,1996-01-20,265
653,Jerome,Grayson,2016-05-20,270
654,William,Willis,2015-06-29,275
655,John,Anderson,2003-07-08,280
656,Brett,Schroeder,2019-06-11,285
657,Michael,Cleaves,1976-12-22,290
658,Brandon,Ell,1960-06-15,295
659,Robert,Harris,1963-11-02,300
660,David,Andersen,1945-07-20,305
661,Robert,Lo,2011-03-13,310
662,Robert,Davis,1992-06-20,315
663,Jerry,Boon,1973-09-21,320
664,Roy,Perez,1981-09-09,325
665,Jaime,Steffenhagen,1941-05-07,330
666,Randolph,Armstrong,1956-12-31,335
667,Thomas,Carter,1995-01-20,340
668,Richard,Mukai,1972-06-25,345
669,Jack,Fugitt,2014-01-13,350
670,Brent,Cowley,1975-05-19,355
671,Richard,Batey,1957-10-05,360
672,Justin,Polk,1969-11-03,365
673,Danny,Fleming,1964-04-04,370
674,Mark,Avila,1998-11-04,375
675,Neil,Young,1946-02-02,380
676,William,Clark,1945-05-22,385
677,Gary,Nyland,1994-08-25,390
678,Jessie,Ogawa,1974-05-23,395
679,Arthur,Springer,1972-03-21,400
680,Kyle,Ashton,1990-01-10,405
681,Enrique,Graves,1951-11-26,410
682,Wallace,Lee,2009-07-27,415
683,Russell,Garrett,1963-03-29,420
684,Richard,Bergren,2016-10-05,425
685,Jimmy,Clifton,1996-08-22,430
686,James,Butts,2013-03-25,435
687,Bobby,Ungaro,1943-06-10,440
688,James,Bostrom,1976-08-27,445
689,Jimmy,Mason,1976-11-02,450
690,Jon,Laughlin,1965-11-28,455
691,Leonard,Mckinney,1956-07-06,460
692,Charles,Harrison,1947-08-24,465
693,Robert,Grimes,1950-10-24,470
694,Michael,Dimick,1998-02-25,475
695,Thomas,Saysongkham,1965-12-20,480
696,Royce,Hollin,1954-04-28,485
697,William,Adams,1967-03-23,490
698,Richard,Mcgill,1945-03-11,495
699,Douglas,Burt,1986-07-17,0
700,Nathan,Johnson,1952-07-24,5
701,Mason,Caicedo,1989-05-09,10
702,Melvin,Bellew,1959-06-30,15
703,Lee,Warren,1961-01-20,20
704,Sean,Nelson,1986-09-19,25
705,James,Thomas,2013-10-13,30
706,Norman,Sousa,1955-08-26,35
707,Leroy,Araiza,2000-09-16,40
708,Bryan,Quintana,2013-12-25,45
709,James,Perez,1972-10-06,50
710,William,Schlindwein,1955-02-23,55
711,Kenny,Nelson,1970-05-26,60
712,William,Rabinowitz,1960-05-18,65
713,Roger,Jackson,1977-12-10,70
714,Kenneth,Rose,1988-01-06,75
715,Elton,Pedigo,1977-12-18,80
716,Alton,Morrow,1961-12-07,85
717,Michael,Schroepfer,1965-06-21,90
718,Frank,Hood,2015-10-24,95
719,Zane,Burke,1962-08-02,100
720,Ralph,Welch,2015-10-31,105
721,Wilfredo,Otto,1989-09-20,110
722,Kelly,Andrew,1987-10-04,115
723,Isiah,Moye,1961-02-10,120
724,Marvin,Koetje,1968-06-13,125
725,Angel,Gier,1960-11-03,130
726,Santos,Hester,1968-02-01,135
727,Max,Martinez,1994-06-16,140
728,Roderick,Watson,1941-10-28,145
729,Herbert,Crafton,1980-04-22,150
730,Earle,Manning,1959-07-21,155
731,Johnny,Hudson,2014-06-22,160
732,Robert,Lamoine,1956-12-09,165
733,Anthony,Schroeder,1998-03-20,170
734,Kenneth,Martin,1998-09-30,175
735,Brian,Mortimer,2015-02-05,180
736,Charles,Rosenthal,2017-11-01,185
737,Michael,Ingrum,1969-01-14,190
738,Alvin,Turnquist,1993-10-28,195
739,Dennis,Adams,1941-08-11,200
740,Dominick,Magruder,1988-09-12,205
741,Thanh,Molina,1950-03-02,210
742,Robert,Leonard,1967-11-25,215
743,Edward,Bass,1966-08-23,220
744,Armand,Shaffer,1943-04-21,225
745,Derek,Mcguire,1997-04-19,230
746,Jeremy,Merz,1986-12-29,235
747,Samuel,Swain,1973-10-23,240
748,Stephen,Fetty,2008-08-17,245
749,Don,Reed,1967-03-15,250
